{"Factory":{
	"PhysicalAsset":{
		"R3Fighter00":{
			"class":"CoordinatedFighter",
			"config":{
				"pilot":{
					"model":"Fighter::HumanIntervention"
				},
				"sensor":{
					"radar":"R3AircraftRadar00",
					"mws":"R3MWS00"
				},
				"weapon":{
					"missile":"R3Missile00",
					"numMsls":10
				},
				"stealth":{
					"rcsScale":1.0
				},
				"dynamics":{
					"controller":"CoordinatedFighter::FlightController",
					"rollMax": 180.0,
					"m":9298.643585,
					"S":27.870912,
					"sideGLimit":10.0,
					"minAoa":-10.0,
					"maxAoa":36.35,
					"aoa":[-10.0,-5.0,0.0,5.0,10.0,15.0,20.0,25.0,30.0,35.0,40.0,45.0],
					"de":[-24.0,-12.0,0.0,12.0,24.0],
					"cx":[
						[-0.099,-0.081,-0.081,-0.063,-0.025, 0.044, 0.097, 0.113, 0.145, 0.167, 0.174, 0.166],
						[-0.048,-0.038,-0.040,-0.021, 0.016, 0.083, 0.127, 0.137, 0.162, 0.177, 0.179, 0.167],
						[-0.022,-0.020,-0.021,-0.004, 0.032, 0.094, 0.128, 0.130, 0.154, 0.161, 0.155, 0.138],
						[-0.040,-0.038,-0.039,-0.025, 0.006, 0.062, 0.087, 0.085, 0.100, 0.110, 0.104, 0.091],
						[-0.083,-0.073,-0.076,-0.072,-0.046, 0.012, 0.024, 0.025, 0.043, 0.053, 0.047, 0.040]
					],
					"cm":[
						[ 0.205, 0.168, 0.186, 0.196, 0.213, 0.251, 0.245, 0.238, 0.252, 0.231, 0.198, 0.192],
						[ 0.081, 0.077, 0.107, 0.110, 0.110, 0.141, 0.127, 0.119, 0.133, 0.108, 0.081, 0.093],
						[-0.046,-0.020,-0.009,-0.005,-0.006, 0.010, 0.006,-0.001, 0.014, 0.000,-0.013, 0.032],
        				[-0.174,-0.145,-0.121,-0.127,-0.129,-0.102,-0.097,-0.113,-0.087,-0.084,-0.069,-0.006],
						[-0.259,-0.202,-0.184,-0.193,-0.199,-0.150,-0.160,-0.167,-0.104,-0.076,-0.041,-0.005]
					],
					"cz":[ 0.770, 0.241,-0.100,-0.416,-0.731,-1.053,-1.366,-1.646,-1.917,-2.120,-2.248,-2.229],
					"cdw":[2.76e-2,1.95e-3,1.49e0,1.31e-1]
				},
				"propulsion":{
					"tmin":[
						[1060.0,670.0,880.0,1140.0,1500.0,1860.0],
						[635.0,425.0,690.0,1010.0,1330.0,1700.0],
						[60.0,25.0,345.0,755.0,1130.0,1525.0],
						[-1020.0,-710.0,-300.0,350.0,910.0,1360.0],
						[-2700.0,-1900.0,-1300.0,-247.0,600.0,1100.0],
						[-3600.0,-1400.0,-595.0,-342.0,-200.0,700.0]
					],
					"tmil":[
						[12680.0,9150.0,6200.0,3950.0,2450.0,1400.0],
						[12680.0,9150.0,6313.0,4040.0,2470.0,1400.0],
						[12610.0,9312.0,6610.0,4290.0,2600.0,1560.0],
						[12640.0,9839.0,7090.0,4660.0,2840.0,1660.0],
						[12390.0,10176.0,7750.0,5320.0,3250.0,1930.0],
						[11680.0,9848.0,8050.0,6100.0,3800.0,2310.0]
					],
					"tmax":[
						[20000.0,15000.0,10800.0,7000.0,4000.0,2500.0],
						[21420.0,15700.0,11225.0,7323.0,4435.0,2600.0],
						[22700.0,16860.0,12250.0,8154.0,5000.0,2835.0],
						[24240.0,18910.0,13760.0,9285.0,5700.0,3215.0],
						[26070.0,21075.0,15975.0,11115.0,6860.0,3950.0],
						[28886.0,23319.0,18300.0,13484.0,8642.0,5057.0],
						[32000.0,26000.0,20500.0,15500.0,10400.0,6000.0],
						[34957.0,28800.0,22800.0,17500.0,11800.0,6800.0],
						[37557.0,30700.0,24200.0,18600.0,12800.0,7400.0],
						[39378.5,32000.0,25400.0,19400.0,13600.0,7800.0],
						[40400.0,32950.0,26300.0,20000.0,14000.0,8200.0]
					],
					"alt":[0.0,10000.0,20000.0,30000.0,40000.0,50000.0],
					"mach":[0.0,0.2,0.4,0.6,0.8,1.0],
					"machEx":[0.0,0.2,0.4,0.6,0.8,1.0,1.2,1.4,1.6,1.8,2.0]
				}
			}
		},
		"R3Missile00":{
			"class":"Missile",
			"config":{
				"mass": 153.76781343,
				"tMax": 150,
				"hitD": 300,
				"Isp":260.0,
				"boostMaxG":30.0,
				"boostMaxM":4.0,
				"boostAlt":3048.0,
				"length":3.6576,
				"lcg":1.99805544,
				"diameter":0.18288,
				"lengthN":0.36576,
				"thicknessRatio":0.04,
				"spanW":0.78690216,
				"spanT":0.394716,
				"locationW":1.69977816,
				"areaW":0.221090654592,
				"areaT":0.05563034035200001,
				"maxA":30.0,
				"maxD":30.0,
				"Sensor":"R3MissileSensor00",
				"Navigator":"PropNav",
				"maxLoadG":30,
				"minV":150,
				"rangeTable":"rangeTable.npz"
			}
		},
		"R3AircraftRadar00":{
			"class":"AircraftRadar",
			"config":{
				"Lref":100000,
				"thetaFOR":90.0
			}
		},
		"R3MWS00":{
			"class":"MWS",
			"config":{}
		},
		"R3MissileSensor00":{
			"class":"MissileSensor",
			"config":{
				"Lref":10000,
				"thetaFOR":60.0,
				"thetaFOV":15.0
			}
		}
	}
}
}
